Team,G,MP,FG,FGA,FG%,3P,3PA,3P%,2P,2PA,2P%,FT,FTA,FT%,ORB,DRB,TRB,AST,STL,BLK,TOV,PF,PTS,Season 
Denver Nuggets,82,19705,40.1,84.3,0.476,8.4,21.7,0.388,31.6,62.6,0.506,23.7,31,0.765,10.1,33.8,43.9,23.1,7.7,4.5,14.7,21.9,112.3,2010-11
New York Knicks,82,19780,39.9,87.2,0.457,9.7,26.4,0.368,30.2,60.8,0.496,21.4,26.5,0.809,10.8,31.4,42.1,22.3,7.9,6,14.3,22.1,110.9,2010-11
Houston Rockets,82,19880,40.6,89.4,0.454,8.7,23.6,0.367,31.9,65.8,0.486,21.4,26.7,0.801,12.3,32.7,45,25.1,7.4,4.8,14.2,21,111.3,2010-11
Phoenix Suns,82,20005,40.9,87,0.47,8.9,23.6,0.377,32,63.4,0.505,18.7,24.6,0.759,10.4,31.5,41.9,24.7,6.9,4.5,14.9,21.2,109.5,2010-11
Oklahoma City Thunder,82,20005,39.7,85.5,0.464,6.3,18.2,0.347,33.4,67.4,0.495,25.6,31.1,0.823,11.7,33.7,45.4,21.6,8.5,6.3,15,23.8,111.2,2010-11
San Antonio Spurs,82,19780,41.4,87.1,0.475,9,22.7,0.397,32.4,64.4,0.503,20,26.1,0.767,10.9,34.2,45.1,24.1,7.9,4.9,14.5,20.5,111.8,2010-11
Golden State Warriors,82,19830,41.5,90,0.461,8.7,22.3,0.392,32.8,67.6,0.484,16.5,21.6,0.761,12.2,30.3,42.4,23.6,9.4,5.2,15.3,23.1,108.2,2010-11
Miami Heat,82,19780,40.5,84.1,0.481,7.3,19.7,0.37,33.2,64.4,0.515,23.5,30.5,0.769,10.5,35.6,46.1,21.9,7.3,5.7,15.2,22.3,111.7,2010-11
Los Angeles Lakers,82,19830,41.7,90.1,0.463,7,19.8,0.352,34.7,70.3,0.494,20.6,26.4,0.779,13.2,34.9,48.1,24,8,5.6,14.3,20.7,111,2010-11
Minnesota Timberwolves,82,19780,38.9,88.2,0.441,7.4,19.7,0.376,31.5,68.5,0.459,19.1,24.9,0.768,13.6,32.1,45.8,20.8,7.4,5.3,17.6,23,104.2,2010-11
Dallas Mavericks,82,19705,40.9,86.2,0.475,8.6,23.6,0.365,32.3,62.6,0.516,19.2,24.7,0.777,10.4,34.9,45.3,26.1,7.4,4.7,15.3,21,109.7,2010-11
Memphis Grizzlies,82,19880,42,89.3,0.471,4.1,12.2,0.334,38,77.2,0.492,19.5,26,0.75,12.7,31.4,44.1,22.2,10.1,5.8,15,22.4,107.6,2010-11
Indiana Pacers,82,19780,38.5,86.9,0.442,7.5,21.2,0.354,31,65.8,0.471,20.4,26.1,0.782,11.7,34,45.7,20.6,7.5,5.8,16.2,22.8,104.8,2010-11
Utah Jazz,82,19880,40.6,87.4,0.465,5.8,16.7,0.346,34.9,70.7,0.493,21.1,27.3,0.771,11.9,31,42.9,25.5,8.3,6.4,15.6,24.7,108.1,2010-11
Sacramento Kings,82,19855,39.8,88.6,0.449,5.4,16.2,0.335,34.4,72.4,0.475,18.5,25.2,0.734,13.6,32.1,45.7,21.3,7.7,5,16.8,22.9,103.5,2010-11
Orlando Magic,82,19830,39.2,85,0.461,10.2,27.9,0.366,29,57.1,0.507,19.3,27.9,0.692,11.5,35.5,47,21.7,7.3,5.1,16.2,21.8,107.9,2010-11
Toronto Raptors,82,19780,41.1,88.3,0.465,4.5,14.3,0.316,36.6,74,0.494,19.5,25.8,0.755,12.6,30.6,43.2,23.5,7.6,4.6,15.8,23.6,106.1,2010-11
Philadelphia 76ers,82,19930,41,89,0.461,5.8,16.4,0.355,35.2,72.6,0.485,18.7,24.3,0.77,11.2,33.9,45,24.4,8.2,4.7,14,20.9,106.6,2010-11
Los Angeles Clippers,82,19855,39.3,85.8,0.457,6.7,19.8,0.338,32.6,66.1,0.493,20.1,28.5,0.707,12.4,32.6,45,23.6,7.6,5.2,17.5,22.6,105.3,2010-11
Chicago Bulls,82,19830,40.7,88.2,0.462,6.8,19,0.361,33.9,69.3,0.489,20,26.9,0.743,13,35.5,48.5,24.5,7.9,6.3,15.6,22,108.3,2010-11
Washington Wizards,82,19930,39.1,88.4,0.443,5,15.2,0.332,34.1,73.2,0.465,19.1,25.7,0.745,13,30.5,43.5,20.4,8.5,6.4,16.1,23.7,102.4,2010-11
Detroit Pistons,82,19880,41.4,90,0.46,6.4,17,0.376,35,73,0.479,18.5,25.1,0.737,12.6,30.3,42.9,23.4,8.1,4.4,14.4,22.1,107.7,2010-11
Boston Celtics,82,19780,40.6,83.5,0.486,5.5,15,0.365,35.1,68.5,0.513,19.6,25.4,0.77,8.6,34.1,42.7,25.8,9.1,4.6,16,22.5,106.2,2010-11
Portland Trail Blazers,82,19805,40.7,91,0.447,7.1,20.7,0.345,33.5,70.2,0.477,20.3,25.3,0.804,13.7,30.7,44.5,23.9,9.1,4.9,14.7,21.8,108.8,2010-11
Cleveland Cavaliers,82,19755,37.7,86.8,0.434,6.6,19.4,0.342,31,67.3,0.461,20.2,27.1,0.745,11.2,32,43.2,22.5,7.1,4.5,15.2,21.5,102.2,2010-11
Atlanta Hawks,82,19730,40.5,87.6,0.462,6.8,19.4,0.352,33.6,68.1,0.494,18.3,23.5,0.779,10.4,33.5,43.9,24.5,6.8,4.6,15.2,21.2,106.1,2010-11
New Orleans Pelicans,82,19830,40.2,87.5,0.459,6.1,16.8,0.36,34.1,70.7,0.482,19.8,25.9,0.765,11.2,33.7,44.9,23.1,8.5,4.9,14.6,23.5,106.2,2010-11
Brooklyn Nets,82,20005,38.9,88.6,0.44,6.1,17.8,0.343,32.8,70.7,0.464,19,25.1,0.759,12.1,32.6,44.7,23,6.1,5.1,15.4,24.1,103.1,2010-11
Charlotte Hornets,82,19805,38.8,86,0.451,5.3,16.3,0.327,33.5,69.8,0.48,20.4,27,0.756,11.5,33,44.5,23.4,7.1,5.9,16.1,22.1,103.4,2010-11
Milwaukee Bucks,82,19830,37.9,88.2,0.43,6.5,19.1,0.342,31.4,69.2,0.454,19.2,25.4,0.757,11.6,33.4,45.1,20.8,8.3,5.4,14.9,22.7,101.6,2010-11
Denver Nuggets,66,16040,40.9,85.9,0.476,6.9,20.8,0.332,33.9,65,0.522,20.5,28,0.735,11.7,33.4,45.2,25.1,8.6,5.2,16.1,20.6,109.2,2011-12
San Antonio Spurs,66,15940,42.3,88.5,0.478,8.9,22.8,0.393,33.4,65.8,0.507,17.3,23.1,0.748,11.1,34.9,46,24.8,7.9,4.7,14.5,18.5,110.9,2011-12
Oklahoma City Thunder,66,15990,39.7,84.4,0.471,7.6,21.3,0.358,32.1,63.1,0.509,22.7,28.1,0.806,11.7,34.8,46.5,19.8,8,8.7,17.4,21.8,109.8,2011-12
Utah Jazz,66,16165,41,89.8,0.456,4.4,13.7,0.323,36.5,76.1,0.48,20.4,27.1,0.754,14,33.4,47.4,23.4,8.8,6.3,15.2,23.4,106.8,2011-12
Milwaukee Bucks,66,15865,40.4,91.2,0.443,7,20.4,0.345,33.3,70.8,0.471,17.7,22.8,0.774,13.2,32,45.2,25,8.8,5.4,15,20.5,105.5,2011-12
Sacramento Kings,66,15915,39.7,91,0.436,6.5,20.7,0.316,33.1,70.3,0.471,18,24.4,0.736,14,31,45.1,20.2,8.9,5.1,15.2,20.5,103.8,2011-12
Miami Heat,66,16040,40.1,85.5,0.469,6.1,16.9,0.359,34.1,68.6,0.496,20.3,26.2,0.775,11.3,33.8,45,21.6,9.6,5.8,16.4,21,106.6,2011-12
Phoenix Suns,66,15840,40.8,89.1,0.458,7.3,21.2,0.343,33.6,67.9,0.494,17.3,22.9,0.757,11.7,33.3,45,24.3,7.1,6,15.2,20.2,106.2,2011-12
Houston Rockets,66,16065,40.6,90.3,0.449,7.8,21.7,0.359,32.8,68.6,0.477,16.6,21.2,0.782,12.5,32.8,45.3,22.9,8.1,5.2,15.6,21.9,105.5,2011-12
Minnesota Timberwolves,66,15940,38,87.7,0.433,7.6,23,0.332,30.4,64.7,0.469,20.7,26.8,0.771,12.9,33.7,46.6,20.8,7,4.7,16.2,19.6,104.3,2011-12
New York Knicks,66,15940,38.2,86.2,0.443,8.4,24.9,0.336,29.9,61.4,0.487,19.6,26.4,0.741,12,32.5,44.5,21.5,10.1,4.5,17.1,22.5,104.4,2011-12
Golden State Warriors,66,15915,40.6,88.9,0.457,8.6,22.1,0.388,32.1,66.8,0.48,15.5,20.2,0.77,10.5,31.8,42.2,24,8.6,5.9,14.9,23,105.4,2011-12
Indiana Pacers,66,15990,38.9,88.9,0.438,6.5,17.6,0.368,32.5,71.3,0.455,22.3,28.5,0.782,13.7,34.2,47.9,20.3,8.7,5.9,15.3,23.7,106.7,2011-12
Los Angeles Clippers,66,15965,41.1,90.5,0.455,8.7,24.3,0.357,32.5,66.2,0.49,17.6,25.9,0.68,13.5,32.8,46.2,23.3,9.4,5.3,14.8,23.6,108.5,2011-12
Los Angeles Lakers,66,16065,40.1,87.8,0.457,6,18.3,0.326,34.1,69.4,0.491,19.8,26.2,0.756,13.2,37.1,50.3,24.5,6.4,5.8,16.5,18.3,106,2011-12
Portland Trail Blazers,66,15965,39.6,89.3,0.443,7.9,22.8,0.346,31.7,66.5,0.477,18.7,23.5,0.796,12.1,32.1,44.2,22.2,8.7,5.3,15.4,20.6,105.7,2011-12
Atlanta Hawks,66,16165,40,88,0.454,8.1,21.9,0.37,31.9,66.1,0.482,16.9,22.8,0.74,10.7,34,44.7,24.4,8.8,5,15.2,19.4,104.9,2011-12
Chicago Bulls,66,15940,41.7,92.3,0.452,7.1,18.9,0.375,34.6,73.4,0.471,17,23.5,0.722,15.5,36.6,52,25.8,7.7,6.6,15.6,19.2,107.4,2011-12
Dallas Mavericks,66,16065,39.2,88.4,0.443,8.1,23.9,0.339,31.1,64.5,0.482,16.8,21.8,0.771,10.9,35.2,46.1,22.5,9.2,5.5,15.1,20,103.3,2011-12
Memphis Grizzlies,66,15940,40.2,89.9,0.447,4.6,14.1,0.326,35.6,75.8,0.47,18.9,24.9,0.759,13.8,32.2,46,21.4,10.5,5.7,15.8,21.8,104,2011-12
Orlando Magic,66,15965,38.4,87.2,0.441,11.3,30.1,0.375,27.1,57,0.475,16.8,25.5,0.66,12.5,34.8,47.3,22.3,7.6,4.6,16.6,19.7,105,2011-12
Washington Wizards,66,15865,39.5,89.5,0.441,5.6,17.6,0.32,33.8,71.9,0.47,16.5,22.7,0.727,12.7,32.3,45,20.6,8.6,6.8,16.5,23,101,2011-12
Philadelphia 76ers,66,15915,41.6,92.8,0.448,5.9,16.2,0.362,35.7,76.6,0.466,14.9,20.1,0.742,11.8,36.1,47.9,24.4,8.8,5.7,12.4,19.5,103.9,2011-12
Brooklyn Nets,66,15890,37.9,89.1,0.425,8.5,24.8,0.342,29.4,64.3,0.457,18.6,24,0.777,13.1,31.5,44.6,22,8.3,4.4,16.7,21.2,102.9,2011-12
Cleveland Cavaliers,66,15965,37.2,88.2,0.422,7.2,21,0.346,30,67.3,0.446,19.4,27.1,0.716,13.8,32.1,45.9,21.5,7.7,4.3,16.7,21.7,101.1,2011-12
Boston Celtics,66,15940,39,84.7,0.46,6,16.5,0.367,33,68.3,0.483,16.9,21.8,0.778,8.5,34.2,42.7,25.9,8.3,6,16.3,21.9,101,2011-12
Detroit Pistons,66,15965,38.6,88.1,0.438,5.3,15.4,0.346,33.3,72.7,0.457,18.5,24.6,0.752,13.1,31.7,44.8,20.8,7.7,4.7,17.4,21.8,101,2011-12
Toronto Raptors,66,15965,38.2,86.8,0.44,6.1,18.1,0.34,32,68.7,0.467,18.3,23.7,0.77,11.7,34.9,46.7,23.3,7.2,5.4,16.9,25.8,100.8,2011-12
New Orleans Pelicans,66,15940,39.2,87,0.451,4.4,13.2,0.333,34.8,73.8,0.472,18,23.8,0.757,12.3,33.9,46.3,23.3,8.3,5.4,17.5,22.6,100.9,2011-12
Charlotte Hornets,66,15890,36.4,87.8,0.414,4.4,14.8,0.295,32,73,0.439,18.1,24.2,0.746,11.2,31.4,42.6,22,6.6,6,15.9,20.7,95.2,2011-12
Denver Nuggets,82,19905,42.3,88.6,0.478,6.6,19.3,0.343,35.7,69.3,0.516,19.1,27.2,0.701,13.8,33,46.8,25.4,9.7,6.8,15.9,21.3,110.4,2012-13
Houston Rockets,82,19780,39.4,85.6,0.461,10.9,29.9,0.366,28.5,55.7,0.511,19.9,26.3,0.754,11.5,33.5,45,24,8.6,4.5,17,21,109.7,2012-13
Oklahoma City Thunder,82,19830,40.5,84.3,0.481,7.8,20.6,0.377,32.8,63.7,0.514,23.6,28.5,0.828,11.1,35.3,46.4,22.7,8.8,8.1,16.2,21.4,112.4,2012-13
San Antonio Spurs,82,19880,41.1,85.6,0.481,8.5,22.6,0.376,32.6,62.9,0.519,17.5,22.1,0.791,8.5,34.9,43.4,26.4,8.9,5.7,15.5,18.3,108.3,2012-13
Miami Heat,82,19880,41.9,84.5,0.496,9.5,24.1,0.396,32.4,60.4,0.536,18.9,25.1,0.754,9,33.2,42.2,25.2,9.5,5.9,15.2,20.4,112.3,2012-13
Los Angeles Lakers,82,19755,39.1,85.4,0.458,9.2,25.9,0.355,29.9,59.5,0.503,20.4,29.4,0.692,12.1,35.1,47.3,23.4,7.4,5.5,15.8,18.9,107.8,2012-13
Golden State Warriors,82,19805,40.2,87.7,0.458,8.4,20.9,0.403,31.7,66.8,0.475,17.7,22.4,0.79,11.4,35.9,47.3,23.7,7.3,4.4,15.9,22.5,106.4,2012-13
Dallas Mavericks,82,19980,40.6,88,0.462,7.7,20.8,0.372,32.9,67.2,0.489,16.9,21.3,0.793,9.8,34.1,43.9,24.3,8.3,5.8,14.6,21.7,105.9,2012-13
Los Angeles Clippers,82,19730,42.2,88.2,0.478,8.4,23.4,0.358,33.8,64.8,0.522,17.9,25.2,0.711,12.5,33,45.6,26.1,10.5,6.2,16,22.9,110.6,2012-13
Sacramento Kings,82,19830,39.9,89.2,0.447,7.9,21.7,0.363,32,67.5,0.474,18.6,24.2,0.769,12.2,30.8,43,22.1,8.7,4.4,15.5,22.2,106.2,2012-13
New York Knicks,82,19730,40.6,90.6,0.448,12.1,32.1,0.376,28.5,58.5,0.487,17.8,23.4,0.759,12.1,33,45.1,21.4,9.1,4,13.4,22.4,111.1,2012-13
Milwaukee Bucks,82,19830,40,92,0.435,7.7,21.3,0.36,32.3,70.6,0.457,16,21.7,0.736,13.7,32.4,46.1,24,8.8,7,14.8,19.9,103.6,2012-13
Utah Jazz,82,19880,40.4,89.1,0.454,6.7,18.4,0.366,33.7,70.7,0.477,19.1,25,0.764,13.1,32.6,45.8,24.7,9.2,6.8,16.1,23.2,106.7,2012-13
Atlanta Hawks,82,19855,40.2,86.7,0.464,9.2,24.8,0.371,31,61.9,0.501,15.1,21.1,0.715,9.9,33.8,43.7,26.2,8.7,4.8,15.9,19.2,104.8,2012-13
Portland Trail Blazers,82,19855,39.8,88.8,0.448,8.9,25.2,0.353,30.9,63.6,0.486,17.2,22.2,0.776,11.6,32.7,44.3,23.6,7.1,4.7,15.9,20.1,105.8,2012-13
Toronto Raptors,82,19980,39.6,88.8,0.446,7.6,22.1,0.343,32,66.7,0.48,19.2,24.3,0.788,11.6,32.2,43.8,23.5,7.9,5.2,14.9,24.4,105.9,2012-13
Brooklyn Nets,82,19855,40.1,89.1,0.45,8.6,24,0.357,31.5,65.1,0.484,19.5,26.7,0.731,14.3,33.5,47.8,22.7,8.2,5.3,16.4,20.4,108.2,2012-13
Cleveland Cavaliers,82,19730,39.5,91,0.434,7.2,20.8,0.346,32.2,70.1,0.46,18.2,24.1,0.756,13.2,31.1,44.3,22.3,8.5,4.4,15.1,22.9,104.3,2012-13
Minnesota Timberwolves,82,19730,38.6,87.8,0.439,5.9,19.3,0.305,32.7,68.5,0.477,19.9,26.8,0.742,12.7,32.4,45.2,24.1,9.2,5.1,15.9,19.8,102.9,2012-13
Boston Celtics,81,19840,39.6,85.2,0.465,6.6,18.3,0.358,33,66.8,0.494,17.4,22.4,0.776,8.6,33.4,42,24.3,8.8,4.8,15.6,22.6,103.1,2012-13
Phoenix Suns,82,19805,39.7,89.7,0.443,6.2,18.9,0.33,33.5,70.8,0.473,15.6,21,0.744,12.4,31.8,44.3,24.1,8.5,5.6,16.6,21.9,101.2,2012-13
Detroit Pistons,82,19805,39.7,88.6,0.449,6.8,19.2,0.356,32.9,69.4,0.474,17.4,24.9,0.699,13.2,32.9,46.1,23.2,7.7,5.3,16.6,21.7,103.8,2012-13
Orlando Magic,82,19780,40.7,90.9,0.448,6.7,20.2,0.329,34.1,70.6,0.482,13.5,17.9,0.755,11.7,34.4,46.1,24.6,7,4.7,15.7,20.9,101.6,2012-13
New Orleans Pelicans,82,19780,40.5,90.3,0.448,7.3,20.2,0.363,33.2,70.1,0.473,17.4,22.4,0.776,13.5,33.2,46.8,23.6,7.1,6,16.4,22.9,105.7,2012-13
Indiana Pacers,81,19590,38.7,88.6,0.436,7.5,21.7,0.347,31.1,66.9,0.465,19.4,26,0.746,14.2,36.3,50.5,22.3,7.9,7,16.7,22.1,104.3,2012-13
Charlotte Hornets,82,19805,37.4,88.1,0.425,6.2,18.5,0.335,31.2,69.6,0.448,20.5,27.3,0.75,12.2,31.7,43.8,21,7.8,6.3,15.3,20.7,101.5,2012-13
Memphis Grizzlies,82,19805,40.6,91.5,0.444,5.2,15.2,0.345,35.4,76.4,0.463,18.5,23.9,0.773,14.5,33.5,48,23.5,9.6,6,15.7,22.7,104.9,2012-13
Washington Wizards,82,19855,38.2,87.8,0.435,7.1,19.6,0.365,31,68.2,0.455,16.8,22.9,0.733,11.6,34.8,46.4,23.3,7.8,4.9,16.2,22,100.2,2012-13
Chicago Bulls,82,19830,39.6,90.7,0.437,6,17.1,0.353,33.6,73.6,0.456,18.2,23.5,0.773,13.9,34.1,48,25.5,8,5.6,15.9,21.9,103.5,2012-13
Philadelphia 76ers,82,19755,40.8,92,0.444,6.9,19.2,0.36,33.9,72.9,0.466,13.4,18.4,0.729,12,33.3,45.2,24.9,8.1,5.1,14.3,20.1,102,2012-13
Los Angeles Clippers,82,19755,40.6,85.6,0.474,8.8,24.9,0.352,31.8,60.7,0.525,22,30.2,0.73,10.9,33.8,44.6,25.5,8.9,5,14.4,22.4,112.1,2013-14
Houston Rockets,82,19830,39.2,83,0.472,9.8,27.4,0.358,29.4,55.6,0.529,22.8,32,0.712,11.6,35.1,46.7,22.1,7.8,5.8,16.6,21.1,111,2013-14
Minnesota Timberwolves,82,19855,39.6,89.1,0.444,7.5,21.8,0.341,32.2,67.3,0.478,22.2,28.6,0.778,12.7,32.8,45.6,24.4,8.9,3.7,14.2,18.7,108.9,2013-14
Portland Trail Blazers,82,19855,40.9,90.9,0.45,9.8,26.4,0.372,31.1,64.5,0.481,20,24.5,0.815,13,35.5,48.5,24.3,5.8,4.9,14.3,20.1,111.5,2013-14
Oklahoma City Thunder,82,19805,40.6,86.1,0.471,8.4,23.3,0.361,32.1,62.8,0.512,21,26.1,0.806,11.3,35.3,46.6,22.8,8.6,6.4,15.9,23.6,110.5,2013-14
San Antonio Spurs,82,19755,42.5,87.5,0.486,8.9,22.5,0.397,33.6,65.1,0.517,16.5,21,0.785,9.7,35.6,45.4,26.4,7.7,5.4,15.1,19.1,110.5,2013-14
Phoenix Suns,82,19755,40.2,86.8,0.463,9.7,26.1,0.372,30.5,60.8,0.503,19.3,25.4,0.758,11.8,33,44.8,19.8,8.7,4.7,16,22.8,109.5,2013-14
Dallas Mavericks,82,19830,42,88.7,0.474,9.3,24.3,0.384,32.7,64.4,0.508,17.8,22.4,0.795,10.9,32.5,43.4,25,9.1,4.6,14.4,21.2,111.2,2013-14
Denver Nuggets,82,19755,39,87.2,0.447,8.7,24.3,0.358,30.3,63,0.481,19.4,26.7,0.726,12.5,33.7,46.2,22.8,7.6,5.7,16.2,23.4,106,2013-14
Golden State Warriors,82,19830,40.7,88.1,0.462,9.7,25.6,0.38,31,62.5,0.496,16.4,21.8,0.753,11.3,35.5,46.7,24,8.1,5.1,15.7,22.4,107.5,2013-14
Los Angeles Lakers,82,19705,38.7,86.2,0.45,9.6,25.1,0.381,29.2,61.1,0.478,17.2,22.6,0.757,9.2,32.3,41.5,24.8,7.5,5.5,15.3,20.1,104.2,2013-14
Miami Heat,82,19880,41.6,83,0.501,8.8,24.2,0.364,32.8,58.8,0.558,18.9,24.9,0.76,8.3,31.7,40,24.4,9.7,4.9,16,21.1,110.9,2013-14
Toronto Raptors,82,19955,39.2,88,0.445,9.3,25.1,0.372,29.8,62.9,0.475,21.1,26.9,0.782,12.2,33.4,45.7,22.7,7.6,4.5,15.2,24.6,108.8,2013-14
Detroit Pistons,82,19780,40.7,91.1,0.447,6.5,20.2,0.321,34.2,70.9,0.483,18.1,27,0.67,15.3,32.3,47.6,21.9,8.8,5,15.2,21.3,105.9,2013-14
Atlanta Hawks,82,19830,39.1,85.5,0.458,9.8,27.1,0.363,29.3,58.5,0.502,17.8,22.8,0.781,9.1,32.8,41.9,26.1,8.7,4.2,16,20.2,105.9,2013-14
Washington Wizards,82,20055,40.8,88.8,0.459,8.3,21.9,0.38,32.5,67,0.485,16.1,22,0.731,11.4,33,44.4,24.5,8.6,4.8,15.5,21.5,106,2013-14
Sacramento Kings,82,19830,38.8,86.8,0.447,6.3,18.9,0.333,32.5,67.9,0.479,21.8,28.7,0.759,12.7,34.1,46.8,19.8,7.5,4.1,16,23.7,105.7,2013-14
New Orleans Pelicans,82,19855,40.7,88.7,0.459,6.4,17.1,0.373,34.3,71.6,0.479,19.5,25.4,0.769,12.2,32.6,44.8,22.9,8.5,6.9,14.8,24.4,107.2,2013-14
Philadelphia 76ers,82,19855,37.9,87.2,0.435,7,22.5,0.312,30.9,64.6,0.477,16.6,23.4,0.71,11.6,31.2,42.7,21.8,9.3,4,16.9,22.5,99.4,2013-14
New York Knicks,82,19855,40.5,90.2,0.449,10.2,27.3,0.372,30.4,63,0.482,17,22.4,0.761,11.7,32.6,44.3,22,8.5,4.9,14.2,24.3,108.3,2013-14
Brooklyn Nets,82,19880,38.7,84.4,0.459,9.4,25.4,0.369,29.3,59,0.497,19.9,26.4,0.753,9.5,31.8,41.3,22.6,9.3,4.1,15.7,23.5,106.7,2013-14
Cleveland Cavaliers,82,19930,39.3,90,0.437,7.6,21.2,0.356,31.7,68.7,0.461,18.1,24.1,0.751,12.8,34,46.8,22.5,7.5,3.9,15,21.2,104.2,2013-14
Charlotte Hornets,82,19905,38.8,87.8,0.442,6.7,19.2,0.351,32.1,68.6,0.468,19.2,26.1,0.737,10.1,35.5,45.6,23.2,6.5,5.5,13.2,19.5,103.6,2013-14
Indiana Pacers,82,19780,38.7,86.2,0.449,7.2,20.2,0.357,31.5,66,0.477,19.5,25,0.779,10.9,37.1,48.1,21.7,7.2,5.9,16.2,22,104.1,2013-14
Orlando Magic,82,19955,38.8,87.1,0.445,7.2,20.5,0.353,31.6,66.6,0.474,16.8,22,0.763,10.2,34.1,44.3,22.2,8.1,4.5,15.7,21.6,101.7,2013-14
Boston Celtics,82,19730,39.1,89.7,0.435,7.5,22.5,0.333,31.6,67.2,0.47,17.3,22.2,0.777,12.8,32.7,45.4,22.5,7.6,4.5,16.4,22.7,102.9,2013-14
Memphis Grizzlies,82,19805,42.1,90.7,0.464,5.5,15.5,0.353,36.6,75.2,0.487,16.7,22.5,0.741,12.8,34.1,46.9,24.2,8.5,5.1,15.2,21.1,106.3,2013-14
Milwaukee Bucks,82,19880,38.8,88.6,0.438,7.2,20.4,0.353,31.6,68.2,0.464,18.1,24.2,0.747,12.8,31.6,44.3,23.2,7.1,5.3,16.3,22.5,103,2013-14
Utah Jazz,82,19780,39.2,88.3,0.444,7.2,20.9,0.344,32,67.4,0.474,17.9,23.9,0.747,12,32.9,44.9,22.1,7.6,4.9,15.9,22.6,103.5,2013-14
Chicago Bulls,82,19930,38,87.8,0.432,6.8,19.5,0.348,31.2,68.3,0.456,19.8,25.5,0.779,12.5,35.8,48.3,24.8,7.9,5.7,16.3,20.9,102.5,2013-14
Golden State Warriors,82,19730,42.2,88.3,0.478,10.9,27.4,0.398,31.3,60.9,0.514,16.3,21.2,0.768,10.6,34.8,45.4,27.8,9.4,6.1,14.7,20.2,111.6,2014-15
Los Angeles Clippers,82,19730,41.5,87.7,0.473,10.6,28.3,0.376,30.8,59.4,0.519,18.9,26.5,0.71,10.1,34.8,44.9,26.1,8.2,5.3,13,22.5,112.4,2014-15
Dallas Mavericks,82,19880,41.3,89.3,0.463,9.3,26.4,0.352,32,62.8,0.509,17.6,23.4,0.752,10.9,33.1,44,23.4,8.4,4.7,13.5,20.9,109.5,2014-15
Toronto Raptors,82,19855,40.5,88.9,0.455,9.5,26.8,0.352,31,62.1,0.499,20.6,26.2,0.787,11.5,32.9,44.4,22.1,8,4.6,13.8,22.3,111,2014-15
Oklahoma City Thunder,82,19830,40.3,90,0.447,8,23.6,0.339,32.3,66.4,0.486,19.3,25.5,0.754,13.3,36,49.3,21.3,7.6,5.7,15.2,23.1,107.8,2014-15
Houston Rockets,82,19805,38.1,85.8,0.444,11.7,33.6,0.348,26.3,52.1,0.506,19.1,26.8,0.715,12,32.9,45,22.8,9.8,5.1,17.1,22.6,107,2014-15
San Antonio Spurs,82,19955,41.1,87.9,0.468,8.7,23.7,0.367,32.5,64.2,0.505,17.5,22.5,0.78,10.3,35.6,45.9,25.7,8.4,5.7,14.7,20.1,108.5,2014-15
Cleveland Cavaliers,82,19780,40.6,88.6,0.458,10.9,29.6,0.367,29.7,58.9,0.504,19.1,25.4,0.751,12,34.3,46.3,23.8,7.9,4.5,15.4,19.8,111.1,2014-15
Portland Trail Blazers,82,19855,40.7,90.4,0.45,10.4,28.6,0.362,30.4,61.8,0.491,16.3,20.4,0.801,11.3,37,48.2,23.1,6.7,4.8,14.3,19.2,108.2,2014-15
Atlanta Hawks,82,19730,40.4,86.7,0.466,10.6,27.9,0.38,29.8,58.9,0.506,17.5,22.5,0.778,9.3,33.8,43.1,27.3,9.6,4.9,15.1,18.9,108.9,2014-15
Phoenix Suns,82,19880,39.8,88.3,0.452,8.8,25.7,0.341,31.1,62.6,0.497,16.8,22.2,0.76,11.2,33.1,44.4,20.8,8.8,4.8,15.5,21.9,105.3,2014-15
Denver Nuggets,82,19880,38.9,89.9,0.433,8.3,25.5,0.325,30.6,64.4,0.476,18.4,25,0.734,12.7,33.3,46,22.5,8.1,4.6,14.6,23.6,104.5,2014-15
Boston Celtics,82,19880,40.2,90.8,0.443,8.3,25.5,0.327,31.9,65.4,0.488,15.9,21.1,0.754,11.5,33.8,45.3,25.3,8.5,3.7,14.3,21.9,104.7,2014-15
Sacramento Kings,82,19855,38.2,83.9,0.455,5.8,17.1,0.341,32.3,66.8,0.484,23.2,30.4,0.762,11.3,34.6,45.9,21.1,7,4.1,16.9,21.5,105.3,2014-15
Chicago Bulls,82,19880,39,88.4,0.442,8.4,23.7,0.353,30.7,64.7,0.474,21.1,26.9,0.783,12.5,36.3,48.8,23.2,6.7,6.2,14.9,19.5,107.5,2014-15
New Orleans Pelicans,82,19780,41.3,90.2,0.457,7.8,21,0.37,33.5,69.2,0.484,17.9,23.8,0.751,12.5,34.8,47.3,24,7.3,6.8,14.4,20.3,108.2,2014-15
Washington Wizards,82,19955,40.3,87.2,0.462,6.4,17.7,0.36,33.9,69.4,0.488,16.8,22.6,0.742,11.1,36,47,25.3,7.7,4.9,15.8,21.9,103.7,2014-15
Detroit Pistons,82,19830,39.7,91.8,0.432,9.2,26.6,0.344,30.5,65.1,0.468,16.8,24,0.703,13.7,34.3,48,23.1,8.1,5,14.3,20.3,105.3,2014-15
Los Angeles Lakers,82,19930,39.1,89.9,0.435,6.8,19.8,0.344,32.3,70.1,0.461,18.4,24.8,0.741,12.2,33.9,46.1,22,7.4,4.7,13.9,22.3,103.4,2014-15
Memphis Grizzlies,82,19905,40.6,88.7,0.458,5.5,16.3,0.339,35.1,72.3,0.485,18.9,24.5,0.773,11.2,34.5,45.8,23.3,9.2,4.5,14.3,20.5,105.7,2014-15
Brooklyn Nets,82,19930,39.9,88.4,0.451,7,21.2,0.331,32.8,67.2,0.489,17.6,23.6,0.748,11,34.1,45.1,22.3,7.5,4.4,14.7,20.5,104.4,2014-15
Milwaukee Bucks,82,19930,39.5,86,0.459,7,19.2,0.363,32.5,66.8,0.486,16.8,22.2,0.757,11.2,32.9,44.2,24.7,10.1,5.2,17.6,23.2,102.7,2014-15
Minnesota Timberwolves,82,19805,38.3,87.5,0.438,5.2,15.7,0.332,33.1,71.8,0.461,21,27.1,0.776,12.2,30.9,43.1,22.7,8.6,4.2,15.8,20.2,102.9,2014-15
Indiana Pacers,82,19855,38.9,88.5,0.439,7.9,22.6,0.352,31,66,0.469,17.8,23.6,0.756,11.1,36.6,47.7,22.8,6.6,4.9,14.9,22.6,103.5,2014-15
Orlando Magic,82,19755,39.8,87.9,0.453,7.2,20.7,0.347,32.6,67.2,0.486,14.8,20.3,0.729,10.6,33.7,44.4,21.9,8.4,4.1,15.8,22.2,101.6,2014-15
Utah Jazz,82,19705,39.1,87.5,0.447,8.2,24,0.343,30.9,63.5,0.486,18.7,26,0.721,13.3,35.3,48.6,22,8.4,6.6,16.9,21.3,105.1,2014-15
Miami Heat,82,19730,38.6,84.7,0.456,7.4,22.2,0.335,31.2,62.5,0.499,19.2,26,0.741,10,32.9,42.9,21.8,8.6,5,16.2,21.9,103.9,2014-15
Charlotte Hornets,82,19905,37.8,89.9,0.42,6.5,20.3,0.318,31.3,69.6,0.45,18.1,24.2,0.748,10.6,36.2,46.9,21.5,6.5,5.8,12.7,19.4,100.1,2014-15
Philadelphia 76ers,82,19805,35,85.8,0.408,8.8,27.3,0.32,26.2,58.4,0.449,16.7,24.7,0.676,12.4,32.1,44.5,21.3,10,6.2,18.4,22.5,95.5,2014-15
New York Knicks,82,19855,38.2,89.2,0.428,7.4,21.4,0.347,30.8,67.8,0.454,16.1,20.9,0.769,11.5,32.4,43.9,23.1,7.6,5.1,16,23.4,99.9,2014-15
Golden State Warriors,82,19880,42.4,87,0.487,13.1,31.5,0.416,29.3,55.5,0.528,16.6,21.8,0.763,9.9,36.1,46,28.8,8.4,6.1,15.1,20.7,114.5,2015-16
Oklahoma City Thunder,82,19830,42.2,88.6,0.476,8.5,24.3,0.349,33.7,64.3,0.524,20.2,25.9,0.782,13.4,36.5,49.9,23.6,7.5,6.1,16.3,21.2,113.1,2015-16
Sacramento Kings,82,19805,39.8,85.9,0.464,8,22.3,0.359,31.8,63.6,0.5,18.4,25.3,0.725,10.5,33.5,44,24.4,8.9,4.5,16.1,20.3,106,2015-16
Houston Rockets,82,19830,38.4,84.9,0.452,10.9,31.4,0.347,27.5,53.5,0.514,20.7,29.8,0.694,11.5,32.2,43.8,22.6,10.2,5.3,16.2,22.2,108.3,2015-16
Boston Celtics,82,19780,39.6,90.2,0.439,8.8,26.4,0.335,30.8,63.8,0.483,18.7,23.8,0.788,11.7,33.7,45.4,24.4,9.3,4.3,13.9,22.1,106.8,2015-16
Portland Trail Blazers,82,19805,40,88.9,0.45,10.9,29.5,0.37,29.1,59.4,0.49,18,23.8,0.754,12,35.1,47.1,22.1,7.1,4.8,15.1,22.5,108.8,2015-16
Los Angeles Clippers,82,19830,39.7,85.4,0.465,10.1,27.7,0.364,29.6,57.7,0.513,18.8,27.2,0.692,9.1,34.5,43.6,23.7,9,5.8,13.4,22.1,108.3,2015-16
Cleveland Cavaliers,82,19855,41.1,89.3,0.46,11.4,31.5,0.362,29.7,57.8,0.514,17.3,23.1,0.748,11.3,36,47.3,24.1,7.1,4.1,14.4,21.6,110.9,2015-16
Washington Wizards,82,19755,40,86.8,0.46,8.7,24.5,0.358,31.2,62.3,0.501,16.6,22.8,0.73,9.2,33.2,42.3,24.7,8.7,4,14.6,21.1,105.3,2015-16
San Antonio Spurs,82,19705,42.7,88.3,0.484,7.4,19.7,0.375,35.3,68.6,0.515,17.4,21.7,0.803,10,36.8,46.8,26.1,8.8,6.3,13.9,18.6,110.3,2015-16
Charlotte Hornets,82,19855,38.4,87.5,0.439,11,30.5,0.362,27.3,57,0.479,19.4,24.5,0.79,9.3,36.3,45.5,22.5,7.5,5.5,13,18.8,107.1,2015-16
Atlanta Hawks,82,19830,39.5,86.3,0.458,10.2,29,0.35,29.3,57.3,0.512,16,20.4,0.783,8.5,34.5,43,26.2,9.3,6.1,15.3,19.6,105.1,2015-16
New Orleans Pelicans,82,19780,39.5,88.3,0.448,8.8,24.5,0.36,30.7,63.8,0.482,17.7,22.9,0.776,9.8,34,43.8,22.8,7.9,4.3,13.8,21.5,105.6,2015-16
Toronto Raptors,82,19780,39.3,87.1,0.451,9.2,25,0.37,30,62.1,0.483,22.2,28.6,0.777,10.9,35.6,46.5,20.1,8.3,5.9,14,21,110,2015-16
Minnesota Timberwolves,82,19880,39.2,84.5,0.464,5.8,17.1,0.338,33.5,67.5,0.496,22.2,28.1,0.792,10.4,32.8,43.2,24.3,8.3,4.8,15.6,21.5,106.5,2015-16
Dallas Mavericks,82,20005,39,87.8,0.444,10.3,29.8,0.344,28.7,58,0.495,18.5,23.3,0.794,9.6,35.4,44.9,23.1,7.1,3.9,13.3,20.3,106.7,2015-16
Indiana Pacers,82,19880,39.3,87.3,0.45,8.3,23.6,0.351,31,63.7,0.486,17.9,23.4,0.764,10.6,34.7,45.3,21.7,9.3,4.9,15.2,20.5,104.6,2015-16
Orlando Magic,82,19905,40.7,89.4,0.455,8,22.8,0.35,32.7,66.6,0.492,15.7,20.7,0.757,10.6,34,44.6,24.3,8.5,5.2,14.5,21.4,105.1,2015-16
Detroit Pistons,82,19880,39.5,90,0.439,9.4,27.3,0.345,30.1,62.7,0.48,17.8,26.6,0.668,13,35.3,48.2,20.2,7.3,3.9,14.1,19.8,106.1,2015-16
Denver Nuggets,82,19830,39.1,88.5,0.442,8.3,24.6,0.338,30.8,64,0.482,19.1,25,0.766,11.9,34.4,46.3,23.5,7.7,5,15.2,21.8,105.6,2015-16
Chicago Bulls,82,19905,39.9,90.3,0.441,8.2,22.1,0.371,31.7,68.2,0.464,17.1,21.7,0.787,11.4,36.4,47.8,23.6,6.2,5.9,14.4,19.5,105,2015-16
Phoenix Suns,82,19705,37.7,86.8,0.435,9.1,26.2,0.348,28.6,60.6,0.472,17.7,23.5,0.751,11.7,33.8,45.4,21,7.8,3.9,17.4,23,102.2,2015-16
Miami Heat,82,19830,40.7,86.6,0.47,6.4,19.1,0.336,34.3,67.5,0.508,18.2,24.4,0.744,10.4,36.4,46.8,22.1,7.2,6.9,14.9,19.4,106.1,2015-16
Memphis Grizzlies,82,19830,39.2,89,0.44,6.5,19.7,0.331,32.6,69.3,0.471,20.6,26.3,0.783,11.9,32.4,44.3,22,9.4,4.5,14.1,23.1,105.4,2015-16
Milwaukee Bucks,82,19830,40.4,86.6,0.467,5.7,16.4,0.345,34.7,70.2,0.495,17.9,23.9,0.747,11,32.9,43.9,24.3,8.6,6.1,16,21.8,104.3,2015-16
Brooklyn Nets,82,19755,40,88.3,0.453,6.8,19.2,0.352,33.2,69,0.481,16.4,21.7,0.757,11,33.3,44.4,23.3,8,4.2,15.5,18.8,103.2,2015-16
New York Knicks,82,19805,39.2,89.3,0.439,7.9,22.9,0.346,31.3,66.5,0.471,18.3,22.7,0.805,11,36.2,47.2,21.8,6.1,6,14.3,21,104.6,2015-16
Utah Jazz,82,19955,39.1,87.1,0.449,9.2,25.9,0.355,29.9,61.3,0.488,18.5,24.9,0.744,11.6,35.2,46.9,20.6,8.3,5.6,16.2,21.9,105.9,2015-16
Philadelphia 76ers,82,19805,36.7,85.2,0.431,9.5,27.9,0.339,27.3,57.3,0.476,15.9,22.9,0.694,9.6,32.2,41.8,21.8,8.4,6.1,16.6,22,98.8,2015-16
Los Angeles Lakers,82,19730,36.7,88.5,0.414,8.1,25.7,0.317,28.5,62.9,0.454,20.1,25.8,0.781,11.2,33.7,44.8,18.8,7.5,4.3,14.3,21.2,101.6,2015-16
Golden State Warriors,82,19780,43,86.8,0.495,11.9,31.2,0.383,31,55.7,0.557,17.7,22.5,0.788,9.4,34.9,44.3,30.3,9.5,6.7,14.7,19.3,115.6,2016-17
Houston Rockets,82,19780,40.1,86.8,0.462,14.3,40.1,0.357,25.8,46.7,0.552,20.2,26.4,0.766,10.8,33.3,44.1,25.1,8.1,4.3,15,19.8,114.7,2016-17
Denver Nuggets,82,19755,41.7,88.9,0.469,10.8,29.2,0.368,31,59.7,0.519,19,24.5,0.774,11.9,35.1,47,25.7,7,4,15.2,19.4,113.2,2016-17
Cleveland Cavaliers,82,19880,41.1,87.4,0.47,13.4,34.9,0.384,27.7,52.5,0.528,18,24,0.748,9.6,35.4,45,23.3,6.8,4.1,14.1,18.7,113.6,2016-17
Washington Wizards,82,19855,42.1,88.6,0.475,9.4,25.2,0.372,32.7,63.4,0.515,17.6,22.5,0.784,10.5,33.2,43.6,24.3,8.6,4.2,14.4,21.7,111.2,2016-17
Los Angeles Clippers,82,19755,41,86.3,0.475,10.6,28.4,0.375,30.4,57.9,0.525,20.1,26.9,0.745,9.3,35.3,44.6,23.4,7.7,4.4,13.4,20.6,112.7,2016-17
Boston Celtics,82,19755,39.8,87.6,0.454,12.4,34.4,0.359,27.4,53.2,0.515,19.3,23.9,0.807,9.3,33.9,43.2,26,7.7,4.3,13.7,21.2,111.2,2016-17
Portland Trail Blazers,82,19930,40.4,87.9,0.459,10.6,28.3,0.375,29.8,59.6,0.499,18.8,24.2,0.78,10.3,34.3,44.6,21.6,7.2,5.1,14,21.6,110.3,2016-17
Phoenix Suns,82,19830,39.5,87.6,0.45,7.4,22.4,0.332,32,65.3,0.491,20.2,26.1,0.776,11.8,32.7,44.5,19.4,8.1,4.8,15.3,24.5,106.6,2016-17
Toronto Raptors,82,19780,41.1,88.6,0.464,9.3,25.6,0.363,31.9,63.1,0.505,20.7,26,0.796,11.2,34.3,45.4,19.4,8.7,5.1,13.3,21.9,112.3,2016-17
Oklahoma City Thunder,82,19805,40.1,88.8,0.452,8.6,26.2,0.327,31.5,62.6,0.504,19.5,26.2,0.745,12.4,34.9,47.4,21.3,8,5.1,15.2,21.2,108.3,2016-17
Brooklyn Nets,82,19755,37.2,83.8,0.444,10.5,31.1,0.338,26.7,52.7,0.506,19.1,24.2,0.788,8.7,34.5,43.2,21.1,7.1,4.6,16.3,20.7,104.1,2016-17
Minnesota Timberwolves,82,19805,41.4,88.6,0.467,7.7,22.1,0.349,33.7,66.6,0.507,20.3,25.4,0.799,12,32.5,44.5,24.8,8.4,4.7,14.7,21.1,110.8,2016-17
San Antonio Spurs,82,19805,41.5,88.3,0.469,9.7,24.8,0.391,31.8,63.5,0.5,18.5,23.2,0.797,10.6,35.7,46.3,25.1,8.4,6.2,14.2,19.3,111.1,2016-17
Indiana Pacers,82,19855,40.6,87.4,0.465,8.9,23.8,0.376,31.7,63.6,0.498,18.5,22.8,0.81,9.4,34.1,43.4,23.2,8.4,5.2,14.2,20.1,108.6,2016-17
Charlotte Hornets,82,19830,39.1,88.5,0.442,10.4,29.7,0.351,28.7,58.9,0.488,20.1,24.7,0.815,9.1,36.1,45.2,23.9,7.2,4.9,11.9,17.2,108.8,2016-17
Los Angeles Lakers,82,19705,39.9,88.6,0.45,9,26.1,0.346,30.8,62.5,0.493,17.3,22.9,0.754,11.5,32.6,44.1,21.2,8.3,4,15.4,21,106,2016-17
New Orleans Pelicans,82,19905,39.5,87.7,0.45,9.4,27,0.35,30,60.7,0.495,16.8,22.4,0.75,8.6,35.4,44.1,23,7.8,5.6,13,18.3,105.2,2016-17
New York Knicks,82,19855,40.9,91.4,0.447,8.9,25.5,0.348,32,65.9,0.485,17.2,21.8,0.788,12.4,34.3,46.7,22.5,7.3,5.7,14.3,21,107.7,2016-17
Milwaukee Bucks,82,19780,40.9,86.2,0.474,9.2,25,0.37,31.6,61.2,0.516,18.1,23.6,0.768,9.3,33.2,42.5,25.5,8.6,5.6,14.7,21.3,109.1,2016-17
Miami Heat,82,19780,40.8,89.7,0.455,10.3,28.2,0.365,30.5,61.5,0.496,15.9,22.5,0.706,11.1,34.5,45.6,22.2,7.5,6,14,21.4,107.8,2016-17
Atlanta Hawks,82,19880,38.7,85.8,0.451,9,26.5,0.341,29.7,59.3,0.501,18.4,25.3,0.728,10.4,34.6,45.1,24,8.3,4.9,16,18.5,104.9,2016-17
Chicago Bulls,82,19780,40.4,90.9,0.444,7.9,23.3,0.34,32.4,67.6,0.479,18.8,23.5,0.798,12.7,35.6,48.3,23.6,8.2,5,14.2,18.5,107.4,2016-17
Sacramento Kings,82,19880,39.5,85.7,0.461,9.4,24.9,0.376,30.1,60.8,0.496,18.9,24.3,0.775,9.1,33.7,42.8,23.5,8,4.1,15.3,21.2,107.3,2016-17
Philadelphia 76ers,82,19830,37.9,85.9,0.442,10.2,30,0.34,27.7,55.9,0.496,17.1,22.2,0.771,9.9,33.2,43.2,23.9,8.5,5.2,16.8,22,103.2,2016-17
Detroit Pistons,82,19805,41.7,92.9,0.449,8,24.4,0.33,33.6,68.5,0.492,14.5,20.2,0.719,11.6,36.2,47.8,22.1,7.3,4,12.4,18.7,106,2016-17
Orlando Magic,82,19805,39.3,89.3,0.44,8.8,26.8,0.328,30.5,62.5,0.488,16.4,21.9,0.747,10.1,34.2,44.3,22.8,7.3,5,13.7,19.8,103.7,2016-17
Utah Jazz,82,19755,40.2,86.5,0.466,10.5,28.2,0.372,29.8,58.2,0.511,18.6,24.9,0.747,10.2,36.8,47,21.9,7.3,5.4,14.8,20.5,109.6,2016-17
Memphis Grizzlies,82,19905,39,89.6,0.435,10,28.3,0.354,29,61.2,0.473,19.7,25.1,0.784,11.6,34.3,45.8,22.8,8.5,4.5,13.8,24,107.7,2016-17
Dallas Mavericks,82,19780,39,88.8,0.44,11.6,32.5,0.355,27.5,56.3,0.489,16,19.9,0.801,8.5,33.1,41.6,22.4,8.1,4,12.8,20.6,105.6,2016-17
Golden State Warriors,82,19730,42.9,85.3,0.503,11.3,28.9,0.391,31.5,56.3,0.56,16.6,20.4,0.815,8.4,35.1,43.6,29.3,8,7.5,15.5,19.6,113.6,2017-18
Houston Rockets,82,19755,39.5,86,0.46,15.6,43.2,0.362,23.9,42.8,0.558,20,25.7,0.781,9.2,35.2,44.4,22,8.7,4.9,14.1,19.9,114.7,2017-18
New Orleans Pelicans,82,19955,41.9,86.6,0.483,10,27.7,0.362,31.9,59,0.54,15.8,20.5,0.772,8.5,35,43.5,26.3,7.9,5.8,14.6,18.8,109.6,2017-18
Toronto Raptors,82,19830,42,89.1,0.472,12,33.6,0.358,30,55.5,0.541,17.7,22.2,0.794,9.9,34.9,44.8,24.8,7.8,6.2,13.6,22.2,113.8,2017-18
Cleveland Cavaliers,82,19730,41.1,86.3,0.476,12.2,32.7,0.372,28.9,53.6,0.54,18.5,23.7,0.779,8.6,34.3,42.9,23.8,7.2,3.9,14,18.9,112.9,2017-18
Denver Nuggets,82,19880,41.6,88.5,0.47,11.7,31.6,0.371,29.9,56.9,0.525,17.5,22.8,0.767,11.2,34.3,45.5,25.7,7.8,5,15.3,19.1,112.5,2017-18
Philadelphia 76ers,82,19780,40.7,86.3,0.472,11,29.7,0.369,29.8,56.6,0.526,17.1,22.7,0.752,10.9,36.4,47.3,27,8.3,5.1,16.4,22,109.5,2017-18
Minnesota Timberwolves,82,19805,42.5,89.2,0.476,8.3,23.3,0.357,34.2,65.9,0.519,20.1,25,0.804,10.7,32.7,43.4,23.5,8.7,4.4,12.9,18.9,113.4,2017-18
Los Angeles Clippers,82,19705,40.7,86.4,0.471,9.6,27.1,0.354,31.2,59.3,0.525,19.2,25.8,0.743,10.3,34.1,44.4,22.6,7.7,4.6,14.9,20.2,110.3,2017-18
Charlotte Hornets,82,19780,39.4,87.6,0.45,10.2,27.5,0.369,29.3,60.1,0.487,20.4,27.3,0.747,10.2,35.8,46,21.8,6.9,4.6,12.8,17.4,109.4,2017-18
Los Angeles Lakers,82,19905,40.1,87.1,0.461,9.9,28.6,0.345,30.2,58.4,0.517,16.4,23,0.714,10.5,35.2,45.7,23.4,7.6,4.7,15.6,20.9,106.5,2017-18
Oklahoma City Thunder,82,19830,40.9,90.4,0.453,11,31.2,0.354,29.9,59.2,0.505,17.8,24.8,0.716,12.8,33.4,46.2,21.9,9.3,5.2,14.4,20.7,110.7,2017-18
Washington Wizards,82,19855,41,87.8,0.467,10.2,27.2,0.375,30.8,60.6,0.508,17.2,22.3,0.772,10.3,33.9,44.2,25.8,8.1,4.4,15,21.8,109.3,2017-18
Brooklyn Nets,82,19855,38.3,87,0.441,12.7,35.7,0.356,25.6,51.2,0.5,17.5,22.6,0.772,9.7,34.9,44.6,23.7,6.3,4.8,15.2,20.6,106.9,2017-18
Milwaukee Bucks,82,19830,41,85.6,0.478,9,25.5,0.355,31.9,60.1,0.531,18.8,24.1,0.783,8.7,32.4,41.1,24,9.1,5.6,14.3,22,109.8,2017-18
Portland Trail Blazers,82,19755,40.6,89.8,0.452,10.6,29.1,0.366,29.9,60.7,0.493,17.3,21.6,0.8,10.5,36.4,46.9,20.1,7.2,5.3,14,20.1,109.1,2017-18
Indiana Pacers,82,19755,42.3,89.6,0.472,9.4,25.4,0.369,32.9,64.2,0.513,15.5,19.9,0.779,10,34,43.9,23,9.1,4.3,13.8,19.5,109.5,2017-18
New York Knicks,82,19830,41.7,89.9,0.464,8.4,23.9,0.352,33.3,66,0.504,15.3,19.5,0.787,10.7,34.4,45.1,23.9,6.9,5.3,15.1,21,107.1,2017-18
Utah Jazz,82,19755,39.8,86.3,0.462,11.3,30.8,0.366,28.6,55.5,0.515,17.5,22.4,0.779,9.4,35.6,45,23.3,9,5.3,15.3,20.4,108.4,2017-18
Boston Celtics,82,19805,39.6,88,0.45,11.8,31.4,0.377,27.8,56.6,0.491,16.5,21.4,0.771,9.7,36.3,46,23.2,7.6,4.7,14.5,20.4,107.6,2017-18
Phoenix Suns,82,19705,38.3,86.7,0.442,9.3,27.8,0.334,29,59,0.492,17.6,23.8,0.741,10.2,33.7,43.9,21.2,6.9,4.5,15.7,21.9,103.5,2017-18
Detroit Pistons,82,19805,40.4,89.8,0.45,11.2,29.9,0.373,29.2,59.9,0.488,15.2,20.4,0.745,10.5,34.7,45.2,23.5,7.9,4,13.9,19,107.2,2017-18
Miami Heat,82,19930,40.1,88.1,0.455,11.4,31.6,0.36,28.7,56.6,0.508,15.2,20.2,0.755,9.6,35.3,44.9,23.5,7.8,5.5,14.9,20.8,106.8,2017-18
Orlando Magic,82,19730,39.5,87.4,0.452,10.5,29.8,0.351,29,57.5,0.504,15.8,20.8,0.757,9,33.4,42.4,23.8,7.7,5,14.8,19.6,105.2,2017-18
Atlanta Hawks,82,19705,38.8,86.9,0.446,11.4,31.5,0.36,27.4,55.4,0.495,16.1,20.5,0.785,9.2,33.4,42.6,24.1,7.9,4.3,15.8,19.9,105,2017-18
Chicago Bulls,82,19855,39,89.6,0.435,11.1,31.3,0.355,27.8,58.2,0.478,14.7,19.4,0.759,9.7,35.3,45,23.6,7.7,3.6,14.1,19.3,103.8,2017-18
San Antonio Spurs,82,19730,41,89.6,0.457,8.9,25.3,0.352,32.1,64.3,0.499,17,22,0.772,10.9,35.6,46.4,23.9,8,5.9,13.8,18,107.9,2017-18
Dallas Mavericks,82,19805,39.6,89.2,0.444,12.3,34.1,0.36,27.4,55.2,0.496,14.8,19.4,0.763,8.4,34.4,42.9,23.5,7.3,3.9,12.8,20,106.3,2017-18
Memphis Grizzlies,82,19705,38.7,87.1,0.444,9.7,27.6,0.352,28.9,59.5,0.486,17.5,22.2,0.786,10,32.6,42.6,22.7,7.9,5.1,15.7,24.4,104.5,2017-18
Sacramento Kings,82,19755,40.7,90.4,0.45,9.4,25.2,0.375,31.2,65.2,0.479,12.9,17.5,0.735,9.9,33,42.9,22.6,8.2,4.4,14.4,21,103.7,2017-18
Milwaukee Bucks,82,19780,41.8,87.8,0.476,13,36.8,0.353,28.8,50.9,0.565,17.3,22.4,0.773,9,39,47.9,25.1,7.2,5.7,13.4,18.9,113.8,2018-19
Golden State Warriors,82,19805,43.4,88.4,0.491,13.1,33.9,0.385,30.3,54.5,0.557,16.1,20.1,0.801,9.6,35.9,45.5,29,7.5,6.3,14,21.1,115.9,2018-19
New Orleans Pelicans,82,19755,42.1,89,0.473,9.9,28.8,0.344,32.2,60.2,0.536,17.2,22.6,0.761,10.7,34.9,45.6,26.1,7.2,5.2,14.3,20.4,111.4,2018-19
Philadelphia 76ers,82,19805,40.6,86.2,0.471,10.6,29.5,0.359,30,56.7,0.529,20.8,26.9,0.771,10.6,36.1,46.7,26.3,7.2,5.2,14.6,20.8,112.6,2018-19
Los Angeles Clippers,82,19830,40.3,85.4,0.471,9.8,25.2,0.388,30.5,60.2,0.507,22.1,27.8,0.792,9.5,34.9,44.4,23.4,6.7,4.6,14.2,22.8,112.4,2018-19
Portland Trail Blazers,82,19855,42.3,90.6,0.467,11,30.7,0.359,31.3,59.8,0.523,19,23.3,0.814,11.8,36.2,48,23,6.7,5,13.8,20.4,114.7,2018-19
Oklahoma City Thunder,82,19855,41.1,90.6,0.454,11,31.5,0.348,30.1,59.1,0.51,17.2,24.1,0.713,12.1,34.2,46.3,22.5,9,5,13.5,21.6,110.3,2018-19
Toronto Raptors,82,19880,41.7,88.1,0.474,12.2,33.4,0.366,29.5,54.7,0.539,17.5,21.7,0.804,9.5,35.2,44.7,25.1,8.2,5.3,13.9,20.8,113.1,2018-19
Sacramento Kings,82,19730,41.8,90.1,0.464,10.9,29,0.378,30.8,61.1,0.504,16,22,0.726,10.7,33.2,43.9,24.6,8,4.3,12.9,20.7,110.4,2018-19
Washington Wizards,82,19930,41.1,87.8,0.468,11,32.4,0.341,30,55.3,0.543,17.9,23.3,0.768,9.4,31.8,41.3,25.6,8.1,4.5,13.7,20.2,111.1,2018-19
Houston Rockets,82,19830,39.8,88.6,0.449,16.4,46,0.356,23.4,42.6,0.551,19.6,24.7,0.791,10.3,32.3,42.7,21.5,8.7,5,13.5,22.3,115.5,2018-19
Atlanta Hawks,82,19855,39.5,87.6,0.451,12.4,35.3,0.352,27.1,52.2,0.518,16.8,22.3,0.752,11.1,32.9,44,24.6,7.9,4.9,16.3,22.5,108.1,2018-19
Minnesota Timberwolves,82,19830,41.2,90.4,0.456,10,28.5,0.351,31.2,61.9,0.504,19,24.1,0.787,11.2,33.2,44.4,24.4,8.3,5,13,20.1,111.4,2018-19
Boston Celtics,82,19780,42,90.4,0.465,12.6,34.4,0.365,29.5,55.9,0.527,15.6,19.5,0.802,9.8,34.7,44.5,26.2,8.6,5.3,12.8,20.3,112.2,2018-19
Brooklyn Nets,82,19980,39.3,87.6,0.449,12.5,35.3,0.353,26.8,52.3,0.513,18.5,24.9,0.745,10.7,34.8,45.5,23.3,6.4,4,14.7,21,109.6,2018-19
Los Angeles Lakers,82,19780,41.1,87.3,0.47,10,29.9,0.333,31.1,57.4,0.541,15.7,22.5,0.699,9.8,35.1,44.9,24.7,7.3,5.2,15.1,20,107.8,2018-19
Utah Jazz,82,19755,40.1,85.8,0.468,12,33.8,0.356,28.1,52,0.541,18.7,25.3,0.736,9.9,36.1,46,25.8,8,5.8,15,20.9,110.9,2018-19
San Antonio Spurs,82,19805,42.8,89.4,0.478,10,25.5,0.392,32.7,63.8,0.513,17.4,21.2,0.819,9.3,35.9,45.2,24.8,6.2,4.8,12.2,18.3,112.9,2018-19
Charlotte Hornets,82,19830,40.4,90.3,0.448,12,34.1,0.351,28.4,56.1,0.507,18.5,23.2,0.797,10,34.1,44,23.4,7.2,5,12.3,19,111.4,2018-19
Denver Nuggets,82,19730,42.8,91.9,0.466,11.2,32,0.351,31.6,59.9,0.527,16.1,21.3,0.755,12.1,35.3,47.3,27.9,7.9,4.5,13.7,20.5,113,2018-19
Dallas Mavericks,82,19780,39,87.3,0.447,12.5,36.8,0.34,26.5,50.5,0.524,18.9,25.5,0.742,10.2,35.4,45.6,23.5,6.5,4.3,14.3,20.2,109.4,2018-19
Indiana Pacers,82,19705,42.1,88.6,0.475,9.7,25.8,0.374,32.4,62.7,0.517,16.1,21.4,0.752,9.5,34.3,43.8,26.4,8.8,5,13.9,19.8,109.9,2018-19
Phoenix Suns,82,19880,39.5,86,0.459,9.5,28.8,0.329,30,57.2,0.525,17.4,22.3,0.779,9,30.8,39.8,23.5,8.8,5,15.4,23.2,105.9,2018-19
Orlando Magic,82,19780,41,90.4,0.454,11.6,32.6,0.356,29.4,57.8,0.509,15.2,19.5,0.782,10.2,35.9,46.1,25.9,6.7,5.5,13.4,18.9,108.9,2018-19
Detroit Pistons,82,19855,39.5,89.9,0.44,12.3,35.4,0.348,27.2,54.4,0.5,17.6,23.5,0.747,11.6,34.2,45.8,22.9,7.1,4.1,14.1,22.5,109,2018-19
Miami Heat,82,19730,40.3,89.4,0.45,11.5,32.9,0.349,28.8,56.5,0.509,15.3,22.1,0.695,11.4,35.6,47.1,24.7,7.8,5.5,15,21.2,107.3,2018-19
Chicago Bulls,82,19905,39.8,87.8,0.453,9.1,25.9,0.351,30.7,61.9,0.496,16.2,20.6,0.783,8.7,34.1,42.8,21.9,7.3,4.3,14.1,20.3,104.8,2018-19
New York Knicks,82,19780,38.2,88.2,0.433,10,29.5,0.34,28.2,58.7,0.479,18.1,23.8,0.759,10.4,34.2,44.7,20.1,6.8,5.1,14,20.9,104.5,2018-19
Cleveland Cavaliers,82,19755,40.1,90.3,0.444,10.6,30,0.355,29.4,60.3,0.488,16.9,21.3,0.792,11,32.9,44,21.3,6.7,2.5,13.9,20.6,107.7,2018-19
Memphis Grizzlies,82,19880,38.9,86.5,0.45,10.1,29.6,0.342,28.8,56.9,0.505,18.2,23.5,0.772,9,33.8,42.8,24.5,8.5,5.6,14.3,22.5,106.1,2018-19
Dallas Mavericks,75,18175,41.5,90,0.461,15.1,41.1,0.367,26.4,48.9,0.541,18.5,23.8,0.779,10.5,36.3,46.8,24.6,6.1,4.8,12.7,19.4,116.7,2019-20
Milwaukee Bucks,73,17595,41,86.1,0.476,13.1,36.9,0.355,27.9,49.3,0.567,17.3,23.4,0.742,9,40,49,24.5,6.8,5.6,14.3,18.6,112.4,2019-20
Portland Trail Blazers,74,17835,41.7,90.2,0.463,12.7,33.7,0.377,29,56.4,0.514,17.5,21.8,0.804,10.1,34.7,44.8,20.4,6.2,6,12.6,21.5,113.7,2019-20
Houston Rockets,72,17380,39.1,86.7,0.451,15,43.4,0.345,24.1,43.3,0.557,19.8,25,0.791,9.4,33.1,42.4,20.7,8.3,4.9,14.1,20.8,112.9,2019-20
Los Angeles Clippers,72,17380,40.7,87.4,0.466,12.2,32.8,0.371,28.5,54.6,0.522,20.4,25.8,0.791,10.4,36.2,46.7,23.2,6.9,4.6,14.3,21.7,113.9,2019-20
New Orleans Pelicans,72,17430,40.7,87.6,0.465,13,35.3,0.37,27.6,52.3,0.528,16.3,22.4,0.729,10.6,33.9,44.4,25.6,7.2,4.8,15.7,20.2,110.7,2019-20
Phoenix Suns,73,17595,40.5,86.5,0.468,11.2,31.2,0.358,29.3,55.3,0.529,19.5,23.4,0.834,9.6,33.2,42.8,26.7,7.5,3.9,14.5,21.7,111.7,2019-20
Washington Wizards,72,17355,40.3,88.1,0.457,11.6,31.6,0.368,28.6,56.6,0.506,18.8,23.8,0.788,9.9,30.9,40.8,24.3,7.7,4.2,13.7,22,110.9,2019-20
Memphis Grizzlies,73,17570,41.3,88.1,0.468,10.6,30.5,0.347,30.7,57.6,0.532,16.1,21.1,0.763,10,35.1,45.1,26.1,7.7,5.3,14.8,20.5,109.2,2019-20
Boston Celtics,72,17430,41.1,89.3,0.461,12.5,34.4,0.364,28.6,54.8,0.522,18.5,23.1,0.801,10.6,35.3,45.9,22.9,8.2,5.6,13.8,21.5,113.3,2019-20
Miami Heat,73,17745,39.6,84.7,0.468,13.5,35.5,0.379,26.1,49.2,0.532,19.8,25.3,0.783,8.5,36,44.5,26,7.5,4.6,15,20.6,112.5,2019-20
Denver Nuggets,73,17745,42.7,90.4,0.473,11.2,31.1,0.359,31.6,59.2,0.533,16.5,21.3,0.777,10.9,33.9,44.9,27.2,8.2,4.7,14,20.7,113.1,2019-20
Toronto Raptors,72,17380,39.6,86.6,0.458,13.6,36.4,0.374,26,50.2,0.519,18.2,22.9,0.796,9.4,35.3,44.7,24.9,8.7,4.9,14.6,21.3,111.1,2019-20
San Antonio Spurs,71,17215,41.6,88.1,0.472,10.5,28,0.376,31,60.1,0.516,18.7,23.1,0.81,8.9,35.1,44,24.3,7.2,5.4,12.4,19.1,112.4,2019-20
Philadelphia 76ers,73,17595,41.3,88.4,0.468,11.7,31.8,0.368,29.6,56.6,0.524,17,22.6,0.755,10.5,35.2,45.7,26,8.1,5.4,14.3,21.1,111.3,2019-20
Los Angeles Lakers,71,17090,41.8,87.2,0.48,10.9,31.2,0.349,30.9,56,0.552,17.5,24,0.729,10.5,34.6,45.2,25.1,8.5,6.5,15,20.5,112,2019-20
Brooklyn Nets,72,17480,39.4,88,0.448,12.7,37.2,0.343,26.6,50.8,0.524,17.5,23.4,0.745,10.4,36.3,46.7,23.8,6.3,4.4,14.9,20.4,108.9,2019-20
Utah Jazz,72,17355,40.5,85.9,0.471,13.5,35.6,0.38,27,50.4,0.535,17.9,23,0.779,9.2,36.1,45.3,22.6,6.1,4.1,15.3,20.6,112.3,2019-20
Indiana Pacers,73,17620,42.3,88.9,0.476,10.2,28.2,0.363,32.1,60.7,0.529,15.1,19.2,0.787,8.8,34.3,43,26,7.5,5.2,13.3,19.9,110,2019-20
Oklahoma City Thunder,72,17430,40.1,85.8,0.468,10.7,30.3,0.355,29.4,55.6,0.529,19.8,24.9,0.796,8.3,34.8,43,21.8,7.7,4.9,13.7,19.4,110.8,2019-20
Sacramento Kings,72,17455,40.9,88.4,0.462,12.7,34.9,0.364,28.2,53.5,0.527,15.7,20.3,0.77,9.7,33,42.6,23.8,7.7,4.1,14.5,22.2,110.2,2019-20
Orlando Magic,73,17570,39.8,89.6,0.444,11.2,32.6,0.343,28.6,57,0.502,17.8,22.9,0.774,10.4,34.6,45,24.2,8.3,5.5,13,18.5,108.5,2019-20
Atlanta Hawks,67,16280,39,86.8,0.449,11.5,34.6,0.333,27.4,52.2,0.525,17.7,22.4,0.79,9.5,32,41.5,23,7.5,4.9,15.5,22.2,107.2,2019-20
Minnesota Timberwolves,64,15560,38.6,87.5,0.441,12.7,37.9,0.336,25.9,49.6,0.521,18.2,24.2,0.753,10.1,32.7,42.8,22.7,8.3,5.4,14.6,20.4,108.1,2019-20
Detroit Pistons,66,15965,40,87.2,0.459,12.2,33.2,0.367,27.8,53.9,0.515,16.9,22.7,0.743,9.9,32.5,42.4,24.5,7.5,4.6,15.5,20,109,2019-20
New York Knicks,66,15965,40.2,89.9,0.447,9.6,28.5,0.337,30.6,61.4,0.499,16.4,23.6,0.694,12.1,34.7,46.8,22.2,7.7,4.8,14.4,22.3,106.5,2019-20
Cleveland Cavaliers,65,15725,40.5,88.4,0.458,11.2,32,0.351,29.3,56.4,0.519,15.2,20,0.758,10.9,33.6,44.5,23.2,6.9,3.3,16.6,18.4,107.5,2019-20
Chicago Bulls,65,15675,39.5,88.5,0.447,12.2,35.1,0.348,27.3,53.5,0.511,15.5,20.5,0.755,10.4,31.4,41.8,23.2,10,4.1,15.4,21.8,106.7,2019-20
Golden State Warriors,65,15725,38.2,87.2,0.438,10.3,30.9,0.334,27.9,56.3,0.495,18.5,23,0.803,9.8,32.5,42.4,25.3,8.1,4.5,14.7,19.8,105.2,2019-20
Charlotte Hornets,65,15750,38.6,88.8,0.434,12.5,35.5,0.352,26.1,53.4,0.489,16.7,22.4,0.748,11.4,32.9,44.2,24.6,6.8,4.3,15.1,19.5,106.3,2019-20
Los Angeles Clippers,59,14160,43.4,89.5,0.485,15,35.5,0.421,28.5,54,0.527,16.6,19.8,0.837,9.7,35.8,45.5,25.2,7.4,4.3,13.4,20.2,118.4,2020-21
Brooklyn Nets,57,13805,43.1,87.2,0.495,14.1,36,0.391,29.1,51.1,0.568,17.9,22.3,0.804,9,35,44,26.7,6.8,5.2,13.9,19,118.3,2020-21
Denver Nuggets,57,13880,44.5,91,0.489,13.3,34.5,0.385,31.2,56.6,0.552,15.6,19.7,0.792,11,34.6,45.6,27.6,8.2,4.5,13.9,19.3,117.9,2020-21
Utah Jazz,58,13995,41.6,89.1,0.467,17,43.5,0.39,24.6,45.6,0.54,17.6,22.1,0.794,10.7,37.9,48.5,23.8,6.5,5.5,14.1,19.1,117.8,2020-21
Milwaukee Bucks,57,13730,43.4,89.8,0.484,14.3,36.5,0.392,29.1,53.2,0.547,15.5,20.3,0.762,10.2,37,47.2,24.9,8,4.4,13.7,16.6,116.7,2020-21
Phoenix Suns,57,13855,43.7,89.5,0.489,13.3,35.2,0.378,30.5,54.3,0.561,15.4,18.7,0.826,8.8,35.4,44.2,27.6,7.3,4.2,13.2,19.5,116.2,2020-21
Portland Trail Blazers,56,13465,41.1,92.2,0.446,16.1,42.6,0.378,25,49.7,0.504,17.9,21.7,0.824,10.8,33.8,44.6,20.8,7.2,5.3,11.6,19.5,116.2,2020-21
Atlanta Hawks,57,13780,41.2,88.8,0.465,12.9,34.5,0.375,28.3,54.3,0.522,20.2,24.9,0.811,10.8,35.2,46,24.6,7,4.9,13.6,19.8,115.6,2020-21
New Orleans Pelicans,57,13805,42.3,88.4,0.479,10.7,30.7,0.347,31.7,57.6,0.549,19.2,26,0.738,11.7,35.2,47,26,7.3,4.4,14.4,17.8,114.5,2020-21
Boston Celtics,58,13995,42.2,89.8,0.47,13.4,35.9,0.375,28.8,53.9,0.533,16.4,21.2,0.773,10.8,34.1,44.8,23.8,7.9,5.2,14.3,20.7,114.3,2020-21
Dallas Mavericks,56,13465,41.8,89.4,0.467,14.1,39.4,0.357,27.7,50,0.554,16.6,21.4,0.776,9,35.8,44.8,22.9,6.1,4.6,12.4,20,114.2,2020-21
Sacramento Kings,57,13705,42.6,88.6,0.482,11.9,32.9,0.36,30.8,55.6,0.553,16.8,22.8,0.737,9.6,32,41.5,25.3,7.1,4.9,13.2,19.6,114,2020-21
Toronto Raptors,58,13920,39.9,88.7,0.449,14.8,40,0.371,25,48.7,0.514,17.9,21.7,0.827,9.4,32.4,41.7,24.2,8.5,5.7,13.6,21.8,112.5,2020-21
Memphis Grizzlies,56,13565,42.7,91,0.469,11.1,30.6,0.361,31.6,60.4,0.524,15.8,20.3,0.777,11,34.6,45.6,26.8,9.4,4.4,13.1,18.4,112.3,2020-21
Philadelphia 76ers,57,13805,40.7,85.8,0.475,10.9,29.7,0.368,29.8,56.2,0.531,19.9,26,0.766,9.9,35.3,45.2,23,8.9,6.3,14.7,20.2,112.2,2020-21
Indiana Pacers,57,13830,41.7,89,0.469,12.1,33.7,0.358,29.7,55.2,0.537,15.9,20.2,0.788,9,32.6,41.6,26.2,8.4,6.1,13.4,20,111.5,2020-21
Chicago Bulls,57,13780,42.4,88.5,0.479,12.4,33.5,0.369,30,55,0.546,14.3,17.9,0.803,9.4,34.9,44.3,26.6,6.7,4.3,15.3,19,111.5,2020-21
Charlotte Hornets,56,13490,40.4,88.1,0.459,14,37.3,0.377,26.4,50.8,0.519,16.3,21.1,0.771,10.4,33.8,44.2,26.9,8.1,4.8,15.6,18.3,111.1,2020-21
San Antonio Spurs,56,13565,41.7,90.5,0.461,10.4,29.1,0.357,31.3,61.4,0.51,17,21.6,0.784,9.3,34.9,44.2,24.7,7.1,5.2,11.5,18,110.8,2020-21
Golden State Warriors,58,13945,40.1,86,0.466,13.7,36.8,0.373,26.4,49.3,0.535,16.4,21,0.779,7.7,33.8,41.5,26.6,8,4.7,14.6,21.1,110.2,2020-21
Los Angeles Lakers,58,14070,40.7,85.9,0.474,11.2,31.3,0.357,29.6,54.6,0.541,17.4,23.3,0.746,9.6,35,44.6,24.5,7.8,5.3,15.5,18.9,110,2020-21
New York Knicks,58,13995,40.5,89.5,0.452,11.6,30.4,0.38,28.9,59.1,0.489,17.2,22.2,0.774,10.6,36.6,47.3,21.8,7.5,5.2,13.7,21.5,109.7,2020-21
Washington Wizards,57,13730,40.3,85.8,0.47,9.9,28.6,0.345,30.4,57.2,0.532,18.7,24.7,0.755,8.8,33.9,42.6,24,6.9,3.6,14.1,20.9,109.2,2020-21
Miami Heat,58,14020,39.5,85.7,0.461,13,37.3,0.349,26.5,48.4,0.547,17.2,21.9,0.784,8.2,34.8,43.1,26.9,7.8,4.3,15,19.5,109.1,2020-21
Detroit Pistons,58,14070,39.1,87,0.449,12,33.8,0.355,27.1,53.3,0.509,18.5,24,0.771,10,33,43,24.7,7.9,5.2,14.9,20.9,108.7,2020-21
Minnesota Timberwolves,58,14020,39.1,88.7,0.441,12.5,35.9,0.349,26.5,52.7,0.503,17,22,0.774,9.9,31.9,41.8,24.4,8.6,5.5,14,20.4,107.7,2020-21
Houston Rockets,58,13945,38.5,87.2,0.442,13.2,39.3,0.337,25.3,47.8,0.529,16.3,22,0.742,9.1,32.8,41.9,22.8,7.5,5.2,14.5,19.3,106.6,2020-21
Orlando Magic,57,13730,39.1,90.6,0.432,11.4,32.7,0.348,27.8,57.9,0.479,16.1,20.8,0.777,10.6,35.5,46.1,22.8,7.1,4.4,13.1,17.1,105.8,2020-21
Cleveland Cavaliers,57,13805,39.6,87.6,0.452,9.8,29.1,0.337,29.8,58.5,0.51,16.6,22.3,0.741,10.6,32.7,43.3,24.2,8.4,5,15.6,18.9,105.6,2020-21
Oklahoma City Thunder,58,13995,38.4,86.3,0.444,12.3,35.5,0.347,26,50.8,0.512,15.1,20.7,0.731,9.2,35.7,44.9,22.1,6.8,4.5,15.7,18,104.2,2020-21